{"cameraMode":{"drawMode":0,"name":"Shaded","section":"Shading Mode"},"sceneLighting":false,"audioPlay":false,"sceneViewState":{"showFog":true,"showMaterialUpdate":false,"showSkybox":true,"showFlares":true,"showImageEffects":true,"showParticleSystems":true},"in2DMode":false,"pivot":{"x":-594.7652587890625,"y":-150.97705078125,"z":-235.50779724121095},"rotation":{"x":0.3133772015571594,"y":0.5273994207382202,"z":-0.21770469844341279,"w":0.7591109275817871},"size":665.2664184570313,"orthographic":false}