{"cameraMode":{"drawMode":2,"name":"Shaded Wireframe","section":"Shading Mode"},"sceneLighting":true,"audioPlay":false,"sceneViewState":{"showFog":true,"showMaterialUpdate":false,"showSkybox":true,"showFlares":true,"showImageEffects":true,"showParticleSystems":true},"in2DMode":false,"pivot":{"x":4.620420455932617,"y":0.8975006341934204,"z":2.5141735076904299},"rotation":{"x":0.05154143273830414,"y":-0.18761879205703736,"z":0.009863249026238919,"w":0.9808391332626343},"size":15.437820434570313,"orthographic":false}