{"cameraMode":{"drawMode":0,"name":"Shaded","section":"Shading Mode"},"sceneLighting":false,"audioPlay":false,"sceneViewState":{"m_AlwaysRefresh":false,"showFog":true,"showSkybox":true,"showFlares":true,"showImageEffects":true,"showParticleSystems":true,"showVisualEffectGraphs":true,"m_FxEnabled":true},"in2DMode":false,"pivot":{"x":5.4316205978393559,"y":-5.844125747680664,"z":4.856846332550049},"rotation":{"x":0.39622366428375246,"y":0.004132105968892574,"z":-0.001782130217179656,"w":0.9181562066078186},"size":8.916664123535157,"orthographic":false}