{"cameraMode":{"drawMode":0,"name":"Shaded","section":"Shading Mode"},"sceneLighting":false,"audioPlay":false,"sceneViewState":{"m_AlwaysRefresh":false,"showFog":true,"showSkybox":true,"showFlares":true,"showImageEffects":true,"showParticleSystems":true,"showVisualEffectGraphs":true,"m_FxEnabled":true},"in2DMode":false,"pivot":{"x":-0.3767203688621521,"y":0.27728700637817385,"z":0.3722372055053711},"rotation":{"x":-0.269807904958725,"y":0.02801264449954033,"z":-0.007856577634811402,"w":-0.9624837040901184},"size":4.431519508361816,"orthographic":false}